{"cameraMode":{"drawMode":0,"name":"Shaded","section":"Shading Mode"},"sceneLighting":true,"audioPlay":false,"sceneViewState":{"showFog":true,"showMaterialUpdate":false,"showSkybox":true,"showFlares":true,"showImageEffects":true,"showParticleSystems":true},"in2DMode":false,"pivot":{"x":87.87857818603516,"y":34.273319244384769,"z":28.939247131347658},"rotation":{"x":-0.0018930166261270643,"y":0.8203888535499573,"z":-0.0027148101944476368,"w":-0.5717982053756714},"size":3.8262431621551515,"orthographic":false}